year,antigen,mean,median,count
1980.0,BCG,52.73170731707317,57.0,82
1980.0,DTPCV3,44.22403846153846,42.0,104
1980.0,MCV1,42.701492537313435,36.0,67
1980.0,POL3,46.52772277227723,42.0,101
1980.0,TT2PLUS,13.324324324324325,8.0,37
1981.0,BCG,57.964285714285715,62.5,112
1981.0,DTPCV3,48.548920863309355,47.0,139
1981.0,MCV1,39.88969072164949,38.0,97
1981.0,POL3,48.89191176470588,46.5,136
1981.0,TT2PLUS,15.307692307692308,8.0,52
1982.0,BCG,59.322916666666664,63.0,96
1982.0,DTPCV3,51.894017094017094,53.0,117
1982.0,MCV1,41.09120879120879,43.0,91
1982.0,POL3,54.42393162393163,59.0,117
1982.0,TT2PLUS,16.06382978723404,11.0,47
1983.0,BCG,64.45454545454545,70.0,110
1983.0,DTPCV3,54.58920863309352,57.0,139
1983.0,MCV1,48.61504424778761,48.0,113
1983.0,POL3,59.21349206349206,63.0,126
1983.0,TT2PLUS,17.536585365853657,14.0,41
1984.0,BCG,62.60526315789474,69.0,114
1984.0,DTPCV3,57.42785714285714,60.0,140
1984.0,MCV1,50.770634920634926,51.5,126
1984.0,POL3,60.942142857142855,65.5,140
1984.0,TT2PLUS,17.0,14.0,53
1985.0,BCG,65.525,70.0,120
1985.0,DTPCV3,59.06758620689655,60.0,145
1985.0,MCV1,54.73900709219858,54.0,141
1985.0,POL3,62.062411347517724,67.0,141
1985.0,TT2PLUS,21.79032258064516,19.5,62
1985.0,YFV,70.0,70.0,1
1986.0,BCG,69.12698412698413,75.5,126
1986.0,DTPCV3,63.357861635220125,71.0,159
1986.0,MCV1,58.73486842105264,61.5,152
1986.0,POL3,66.47677419354838,73.0,155
1986.0,TT2PLUS,24.26984126984127,20.0,63
1986.0,YFV,73.0,73.0,1
1987.0,BCG,75.15503875968992,83.0,129
1987.0,DTPCV3,67.31146496815286,72.0,157
1987.0,MCV1,63.21455696202531,66.5,158
1987.0,POL3,68.33687499999999,77.5,160
1987.0,TT2PLUS,32.31325301204819,27.0,83
1987.0,YFV,74.0,76.0,4
1988.0,BCG,76.52173913043478,85.0,138
1988.0,DTPCV3,69.5028901734104,75.0,173
1988.0,MCV1,66.39473684210526,70.0,171
1988.0,MCV2,90.9,90.9,1
1988.0,POL3,71.47590361445783,78.0,166
1988.0,TT2PLUS,35.14492753623188,30.0,69
1988.0,YFV,48.666666666666664,35.0,3
1989.0,BCG,80.8169014084507,89.0,142
1989.0,DTPCV3,73.22342857142857,80.0,175
1989.0,HEPB3,40.25,37.5,4
1989.0,MCV1,71.0,77.0,167
1989.0,MCV2,92.4,92.4,1
1989.0,POL3,75.04277108433735,83.0,166
1989.0,TT2PLUS,38.71264367816092,32.0,87
1989.0,YFV,53.666666666666664,40.0,3
1990.0,BCG,84.76315789473684,91.0,152
1990.0,DTPCV3,78.59613259668508,85.0,181
1990.0,HEPB3,63.0,72.0,12
1990.0,MCV1,76.56704545454545,81.0,176
1990.0,MCV2,92.9,92.9,1
1990.0,POL3,80.20824175824175,86.5,182
1990.0,TT2PLUS,51.46341463414634,54.5,82
1990.0,YFV,48.5,48.5,2
1991.0,BCG,81.68276315789474,89.75,152
1991.0,DTPCV1,86.0,86.0,1
1991.0,DTPCV3,79.2659217877095,85.0,179
1991.0,HEPB3,60.91428571428572,79.0,21
1991.0,HIB3,64.2,65.0,5
1991.0,MCV1,77.27206703910615,82.0,179
1991.0,MCV2,93.6,93.6,1
1991.0,POL3,80.17365168539325,85.75,178
1991.0,TT2PLUS,63.13684210526316,74.0,133
1991.0,YFV,45.77777777777778,44.0,9
1992.0,BCG,82.12115384615385,89.95,156
1992.0,DTPCV1,81.0,81.0,1
1992.0,DTPCV3,79.23204419889503,85.0,181
1992.0,HEPB3,59.76578947368421,75.55,38
1992.0,HIB3,65.25,81.0,4
1992.0,MCV1,76.55801104972376,83.0,181
1992.0,MCV2,94.1,94.1,1
1992.0,POL3,79.96842696629213,87.0,178
1992.0,TT2PLUS,60.69925925925926,65.0,135
1992.0,YFV,28.071428571428573,25.5,14
1993.0,BCG,81.12484076433121,91.0,157
1993.0,DTPCV1,88.33333333333333,90.0,3
1993.0,DTPCV3,78.44184782608696,86.0,184
1993.0,HEPB3,63.93023255813954,79.0,43
1993.0,HIB3,55.285714285714285,65.0,7
1993.0,MCV1,77.10327868852458,85.0,183
1993.0,MCV2,86.5,86.5,1
1993.0,POL3,79.83846153846154,88.0,182
1993.0,TT2PLUS,62.855384615384615,68.5,130
1993.0,YFV,24.46153846153846,27.0,13
1994.0,BCG,82.50254901960784,93.0,153
1994.0,DTPCV1,93.73333333333333,94.5,6
1994.0,DTPCV3,80.28186813186812,87.0,182
1994.0,HEPB3,70.92953488372092,81.0,43
1994.0,HEPB_BD,61.0,61.0,1
1994.0,HIB3,70.27777777777777,90.0,9
1994.0,MCV1,78.44057142857143,86.0,175
1994.0,MCV2,93.45,93.45,2
1994.0,POL3,79.96513966480447,87.0,179
1994.0,RCV1,94.1,94.1,1
1994.0,TT2PLUS,61.980645161290326,68.0,124
1994.0,YFV,28.833333333333332,31.0,12
1995.0,BCG,85.52175757575758,94.0,165
1995.0,DTPCV1,92.18333333333334,94.55,6
1995.0,DTPCV3,82.79035532994924,90.0,197
1995.0,HEPB3,68.4401724137931,83.5,58
1995.0,HEPB_BD,64.0,64.0,1
1995.0,HIB3,54.0,74.0,10
1995.0,MCV1,80.34591836734694,87.0,196
1995.0,MCV2,96.1,96.1,2
1995.0,POL3,82.75689119170984,90.0,193
1995.0,RCV1,96.1,96.1,1
1995.0,TT2PLUS,64.71136363636363,71.0,132
1995.0,YFV,33.714285714285715,27.0,7
1996.0,BCG,85.1776397515528,94.0,161
1996.0,DTPCV1,90.39999999999999,92.7,6
1996.0,DTPCV3,83.25052631578947,90.5,190
1996.0,HEPB3,73.33647058823529,87.0,51
1996.0,HEPB_BD,67.0,67.0,1
1996.0,HIB3,67.32142857142857,89.0,14
1996.0,MCV1,81.75449735449736,90.0,189
1996.0,MCV2,97.0,97.0,2
1996.0,POL3,83.28870967741936,91.0,186
1996.0,RCV1,96.4,96.4,1
1996.0,TT2PLUS,63.66923076923077,69.0,130
1996.0,YFV,19.142857142857142,18.0,7
1997.0,BCG,84.32181818181819,94.0,165
1997.0,DTPCV1,90.23076923076923,95.0,13
1997.0,DTPCV3,82.57010309278351,91.0,194
1997.0,HEPB3,75.43242857142857,87.1,70
1997.0,HEPB_BD,81.0,81.0,2
1997.0,HIB3,74.26842105263158,86.1,19
1997.0,MCV1,81.59114583333333,90.0,192
1997.0,MCV2,93.33333333333333,96.0,3
1997.0,POL3,83.06736842105263,92.0,190
1997.0,RCV1,96.7,96.7,1
1997.0,TT2PLUS,68.21209677419354,76.0,124
1997.0,VAD1,50.0,50.0,1
1997.0,YFV,31.714285714285715,27.0,7
1998.0,BCG,86.0429605263158,92.0,152
1998.0,DTPCV1,89.15384615384616,96.0,13
1998.0,DTPCV3,82.28096590909091,90.5,176
1998.0,HEPB3,80.08109589041096,91.0,73
1998.0,HEPB_BD,81.5,81.5,2
1998.0,HIB3,70.06806451612904,82.0,31
1998.0,MCV1,81.79477011494254,90.0,174
1998.0,MCV2,93.89999999999999,95.7,3
1998.0,POL3,82.67971098265896,91.0,173
1998.0,RCV1,95.49,95.49,1
1998.0,TT2PLUS,49.82906666666666,49.0,75
1998.0,VAD1,100.0,100.0,1
1998.0,YFV,42.357142857142854,37.0,14
1999.0,BCG,85.63669064748201,94.3,139
1999.0,DTPCV1,91.46666666666667,96.0,15
1999.0,DTPCV3,81.1328125,90.7,160
1999.0,HEPB3,79.71038461538461,90.65,78
1999.0,HEPB_BD,80.0,80.0,2
1999.0,HIB3,78.85135135135135,90.0,37
1999.0,MCV1,81.00666666666667,90.0,156
1999.0,MCV2,86.90486486486486,96.0,37
1999.0,POL3,81.55849056603773,91.0,159
1999.0,RCV1,96.4,96.4,1
1999.0,TT2PLUS,51.20106060606061,52.45,66
1999.0,VAD1,66.6,79.3,13
1999.0,YFV,43.088,37.79,10
2000.0,BCG,85.7540909090909,94.0,154
2000.0,DTPCV1,86.803125,93.65,144
2000.0,DTPCV3,81.73471264367817,90.0,174
2000.0,HEPB3,79.12880434782609,90.0,92
2000.0,HEPB_BD,84.7646551724138,96.85,58
2000.0,HIB3,80.35039215686274,89.6,51
2000.0,MCV1,80.92254658385093,89.14,161
2000.0,MCV2,75.42833333333333,90.0,60
2000.0,PAB,73.79521739130435,83.9,23
2000.0,POL3,86.83552941176471,90.44,170
2000.0,RCV1,62.53333333333334,92.7,3
2000.0,TT2PLUS,54.15525,52.0,80
2000.0,VAD1,71.35304347826086,82.0,23
2000.0,YFV,39.69285714285714,32.5,14
2001.0,BCG,86.08770700636943,93.1,157
2001.0,DTPCV1,85.09801369863014,92.0,146
2001.0,DTPCV3,82.79337142857143,91.0,175
2001.0,HEPB3,75.16352941176471,91.035,102
2001.0,HEPB_BD,78.16171875,95.45,64
2001.0,HIB3,74.36716666666666,90.5,60
2001.0,MCV1,81.95329411764706,90.5,170
2001.0,MCV2,80.32408450704226,91.0,71
2001.0,PAB,54.951851851851856,55.0,27
2001.0,POL3,82.22448275862068,91.0,174
2001.0,RCV1,85.28,85.28,2
2001.0,TT2PLUS,46.13085106382979,41.5,94
2001.0,VAD1,54.079655172413794,60.0,29
2001.0,YFV,36.39192307692308,31.5,26
2002.0,BCG,87.6969387755102,94.4,147
2002.0,DTPCV1,87.61171641791044,94.0,134
2002.0,DTPCV3,83.04951219512196,91.28,164
2002.0,HEPB3,80.8371875,88.86,96
2002.0,HEPB_BD,85.56285714285714,97.565,56
2002.0,HIB3,81.08712121212122,91.0,66
2002.0,IPV1,97.3,97.3,1
2002.0,MCV1,82.41723270440252,90.0,159
2002.0,MCV2,83.7803125,92.6,64
2002.0,POL3,83.2036875,93.0,160
2002.0,RCV1,90.06666666666666,94.8,3
2002.0,TT2PLUS,52.68,48.0,77
2002.0,VAD1,61.55708333333333,66.0,24
2002.0,YFV,45.641363636363636,34.0,22
2003.0,BCG,88.39851612903226,93.0,155
2003.0,DTPCV1,89.45243243243243,93.77000000000001,148
2003.0,DTPCV3,84.72438888888888,92.0,180
2003.0,FLU_ELDERLY,90.6,90.6,1
2003.0,HEPB3,81.46418032786885,91.21000000000001,122
2003.0,HEPB_BD,84.986875,93.6,64
2003.0,HIB3,86.93460526315789,92.75,76
2003.0,IPV1,96.3,96.3,1
2003.0,MCV1,84.74941860465115,90.89,172
2003.0,MCV2,85.05000000000001,95.0,67
2003.0,POL3,85.53187134502924,92.0,171
2003.0,RCV1,96.85,93.19999999999999,4
2003.0,TT2PLUS,50.361123595505624,49.0,89
2003.0,VAD1,60.074,56.0,25
2003.0,YFV,52.599583333333335,54.0,24
2004.0,BCG,89.22934640522875,94.0,153
2004.0,DTPCV1,90.64477124183006,94.4,153
2004.0,DTPCV3,86.11459770114944,91.0,174
2004.0,HEPB3,86.24632352941177,91.0,136
2004.0,HEPB_BD,87.96375,97.6,64
2004.0,HIB3,87.89948717948718,93.0,78
2004.0,IPV1,85.05,85.05,2
2004.0,MCV1,84.52402298850575,91.55,174
2004.0,MCV2,86.4316883116883,94.8,77
2004.0,PAB,97.0,97.0,1
2004.0,POL3,85.695625,92.0,176
2004.0,RCV1,89.14380281690141,94.0,71
2004.0,ROTA1,49.0,49.0,1
2004.0,TT2PLUS,53.89408602150537,52.0,93
2004.0,VAD1,66.94227272727272,71.0,44
2004.0,YFV,59.59806451612903,60.0,31
2005.0,BCG,89.32025316455696,95.0,158
2005.0,DTPCV1,90.88775641025642,95.0,156
2005.0,DTPCV3,87.53977528089888,92.42,178
2005.0,HEPB3,86.13722972972973,92.0,148
2005.0,HEPB_BD,85.19082191780822,96.2,73
2005.0,HIB3,85.79666666666667,92.5,90
2005.0,IPV1,98.2,98.2,2
2005.0,MCV1,85.43387283236994,91.0,173
2005.0,MCV2,83.18488888888889,91.8,90
2005.0,PAB,97.0,97.0,1
2005.0,POL3,87.0297191011236,92.61500000000001,178
2005.0,RCV1,90.07329411764707,94.1,85
2005.0,ROTA1,91.0,91.0,1
2005.0,TT2PLUS,59.55534653465347,63.0,101
2005.0,VAD1,63.54630434782609,72.5,46
2005.0,YFV,69.82,74.0,35
2006.0,BCG,91.39273885350319,96.0,157
2006.0,DTPCV1,93.19617834394904,96.0,157
2006.0,DTPCV3,88.99017045454546,93.0,176
2006.0,HEPB3,88.32817567567568,93.0,148
2006.0,HEPB_BD,81.42575757575759,94.5,66
2006.0,HIB3,85.40946808510638,93.0,94
2006.0,IPV1,97.35,97.35,2
2006.0,JAPENC,45.730000000000004,44.1,4
2006.0,MCV1,88.73581395348837,94.0,172
2006.0,MCV2,84.25127906976743,93.6,86
2006.0,PAB,69.09103448275863,86.45,29
2006.0,PCV1,37.1,37.1,1
2006.0,POL3,88.45744318181818,93.0,176
2006.0,RCV1,89.47263157894736,95.2,57
2006.0,ROTA1,98.0,98.0,1
2006.0,ROTAC,45.239999999999995,47.0,5
2006.0,TT2PLUS,58.90836734693878,60.495000000000005,98
2006.0,VAD1,69.09981818181818,74.0,55
2006.0,YFV,69.1315,80.42,40
2007.0,BCG,90.04421686746988,94.0,166
2007.0,DTPCV1,91.63579268292683,95.5,164
2007.0,DTPCV3,88.81603260869565,93.5,184
2007.0,HEPB3,88.96036363636362,93.0,165
2007.0,HEPB_BD,77.22973333333333,93.1,75
2007.0,HIB3,91.05106796116505,94.0,103
2007.0,IPV1,98.6,98.6,2
2007.0,JAPENC,51.866,82.97,5
2007.0,MCV1,87.95184782608695,92.5,184
2007.0,MCV2,84.73290000000001,93.11,100
2007.0,PAB,68.543125,75.88,32
2007.0,PCV3,60.525,67.0,4
2007.0,POL3,88.78385869565217,93.0,184
2007.0,RCV1,91.5515873015873,95.0,63
2007.0,ROTA1,98.0,98.0,1
2007.0,ROTAC,63.271428571428565,69.0,7
2007.0,TT2PLUS,61.01592233009709,62.17,103
2007.0,VAD1,67.34358490566038,74.0,53
2007.0,YFV,73.20057142857142,82.0,35
2008.0,BCG,92.31830188679245,97.0,159
2008.0,DTPCV1,92.9229746835443,96.0,158
2008.0,DTPCV3,88.9993220338983,93.0,177
2008.0,HEPB3,88.78123456790124,92.375,162
2008.0,HEPB_BD,82.0325,95.28,80
2008.0,HIB3,87.36657894736842,93.5,114
2008.0,IPV1,98.83333333333333,99.0,3
2008.0,JAPENC,54.974000000000004,83.62,5
2008.0,MCV1,88.74260115606936,94.0,173
2008.0,MCV2,85.87642857142856,94.0,98
2008.0,PAB,80.80777777777777,90.6,27
2008.0,PCV1,73.45428571428572,86.0,7
2008.0,PCV3,49.5375,42.0,8
2008.0,POL3,89.3574011299435,93.7,177
2008.0,RCV1,93.412375,95.64,80
2008.0,ROTA1,69.1875,87.615,12
2008.0,ROTAC,54.04833333333334,62.0,12
2008.0,TT2PLUS,60.84623762376238,64.0,101
2008.0,VAD1,67.98063829787235,73.28,47
2008.0,YFV,74.59735294117647,79.225,34
2009.0,BCG,92.2636875,96.045,160
2009.0,DTPCV1,93.73584905660377,96.0,159
2009.0,DTPCV3,89.6693220338983,93.0,177
2009.0,HEPB3,89.87365853658537,93.0,164
2009.0,HEPB_BD,84.32907894736843,97.15,76
2009.0,HIB3,89.18801470588235,93.0,136
2009.0,IPV1,69.13333333333334,93.8,3
2009.0,JAPENC,39.88,30.78,4
2009.0,MCV1,88.96937142857142,92.69,175
2009.0,MCV2,85.04622641509434,92.44999999999999,106
2009.0,PAB,80.32571428571428,90.3,21
2009.0,PCV1,77.84684210526315,86.0,19
2009.0,PCV3,61.23208333333333,84.5,24
2009.0,POL3,89.43265536723163,93.3,177
2009.0,RCV1,91.75840425531916,95.30000000000001,94
2009.0,ROTA1,78.37647058823529,81.77,17
2009.0,ROTAC,65.95117647058824,71.0,17
2009.0,TT2PLUS,64.5858163265306,69.5,98
2009.0,VAD1,75.38,84.095,56
2009.0,YFV,79.39184210526315,84.86,38
2010.0,BCG,91.54345911949686,96.46,159
2010.0,DTPCV1,93.89528301886793,96.51,159
2010.0,DTPCV3,89.55966480446928,93.5,179
2010.0,HEPB3,89.12470238095239,92.66,168
2010.0,HEPB_BD,75.72026315789473,94.81,76
2010.0,HEPB_BDALL,51.86,51.86,1
2010.0,HIB3,88.16098684210526,92.39,152
2010.0,HPV_FEM,63.275,61.4,4
2010.0,IPV1,90.52000000000001,98.0,5
2010.0,JAPENC,42.25866666666666,22.1,15
2010.0,MCV1,89.24231638418078,94.0,177
2010.0,MCV2,80.5657894736842,91.97,114
2010.0,PAB,60.79846153846154,79.75,26
2010.0,PCV1,63.77024390243902,87.0,41
2010.0,PCV3,55.02387755102041,70.92,49
2010.0,POL3,89.78798882681563,94.0,179
2010.0,RCV1,86.1564077669903,95.23,103
2010.0,ROTA1,51.7809375,66.97,32
2010.0,ROTAC,43.87933333333333,44.254999999999995,30
2010.0,TT2PLUS,63.070754716981135,69.99000000000001,106
2010.0,VAD1,66.6429090909091,78.6,55
2010.0,YFV,67.8,79.47,46
2011.0,BCG,91.90894409937889,96.7,161
2011.0,DTPCV1,94.80268292682926,96.435,164
2011.0,DTPCV3,91.20078651685394,94.0,178
2011.0,HEPB3,89.29810650887573,93.6,169
2011.0,HEPB_BD,73.54703296703296,95.05,91
2011.0,HEPB_BDALL,80.74666666666667,99.72,3
2011.0,HIB3,88.4564596273292,93.19,161
2011.0,HPV_FEM,70.52,68.75,6
2011.0,IPV1,94.36,96.0,5
2011.0,JAPENC,23.568421052631578,0.0,19
2011.0,MCV1,90.28262857142856,93.0,175
2011.0,MCV2,83.63940170940171,91.5,117
2011.0,PAB,49.345588235294116,52.3,34
2011.0,PCV1,72.43684210526315,92.8,57
2011.0,PCV3,62.082,80.2,65
2011.0,POL3,90.95595505617977,94.0,178
2011.0,RCV1,88.5214563106796,94.5,103
2011.0,ROTA1,57.63138888888889,80.52,36
2011.0,ROTAC,51.148,71.0,35
2011.0,TT2PLUS,62.67288461538461,65.425,104
2011.0,VAD1,65.40823529411765,74.0,68
2011.0,YFV,67.87369565217391,80.24000000000001,46
2012.0,BCG,93.57993670886076,96.63,158
2012.0,DTPCV1,95.7504375,97.525,160
2012.0,DTPCV3,91.8184659090909,94.975,176
2012.0,HEPB3,91.21969135802469,94.675,162
2012.0,HEPB_BD,74.95434782608696,95.36,92
2012.0,HEPB_BDALL,76.97666666666667,99.54,3
2012.0,HIB3,91.15246835443038,94.575,158
2012.0,HPV_FEM,75.85000000000001,76.8,6
2012.0,IPV1,91.60000000000001,91.15,6
2012.0,JAPENC,36.15714285714286,0.0,21
2012.0,MCV1,91.1753448275862,93.495,174
2012.0,MCV2,81.85272,91.9,125
2012.0,PAB,58.086551724137934,66.57,29
2012.0,PCV1,75.54,92.93,73
2012.0,PCV2,69.11115942028985,85.21,69
2012.0,PCV3,67.368,87.45,80
2012.0,POL3,91.78017142857144,94.84,175
2012.0,RCV1,84.61830188679244,93.905,106
2012.0,ROTA1,60.16357142857142,77.24,42
2012.0,ROTAC,54.05477272727273,74.3,44
2012.0,TT2PLUS,62.740196078431374,68.715,102
2012.0,VAD1,59.617758620689656,63.75,58
2012.0,YFV,66.71085106382978,81.62,47
2013.0,BCG,92.32837662337663,95.56,154
2013.0,DTPCV1,94.8268125,97.245,160
2013.0,DTPCV3,90.5925,94.1,172
2013.0,HEPB3,91.15271604938272,93.86500000000001,162
2013.0,HEPB_BD,71.52936170212766,89.86500000000001,94
2013.0,HEPB_BDALL,81.82,99.21,3
2013.0,HIB3,90.38277777777778,93.8,162
2013.0,HPV_FEM,79.43333333333334,79.35,6
2013.0,IPV1,91.18333333333334,94.7,6
2013.0,JAPENC,39.6375,0.0,20
2013.0,MCV1,90.88732558139536,93.72,172
2013.0,MCV2,79.79364341085271,91.0,129
2013.0,PAB,60.0638888888889,74.50999999999999,36
2013.0,PCV1,74.97788235294118,92.36,85
2013.0,PCV2,69.64750000000001,88.61,84
2013.0,PCV3,68.98467391304348,87.14,92
2013.0,POL3,91.00116279069768,94.69,172
2013.0,RCV1,86.49230088495574,95.25,113
2013.0,ROTA1,61.011568627450984,82.01,51
2013.0,ROTAC,56.62236363636364,77.8,55
2013.0,TT2PLUS,61.062799999999996,63.685,100
2013.0,VAD1,61.02186440677966,67.1,59
2013.0,YFV,65.48041666666667,81.905,48
2014.0,BCG,91.7478064516129,95.87,155
2014.0,DTPCV1,93.86018292682927,97.0,164
2014.0,DTPCV3,90.47540229885057,93.5,174
2014.0,HEPB3,90.78482142857143,94.0,168
2014.0,HEPB_BD,77.05869565217391,91.75999999999999,92
2014.0,HEPB_BDALL,87.74000000000001,99.64500000000001,4
2014.0,HIB3,90.40241176470587,93.85,170
2014.0,HPV_FEM,74.19800000000001,85.0,5
2014.0,IPV1,69.59089285714286,94.65,56
2014.0,JAPENC,33.36619047619048,0.0,21
2014.0,MCV1,89.95672413793103,93.0,174
2014.0,MCV2,81.20925925925926,91.2,135
2014.0,PAB,66.15885714285714,81.0,35
2014.0,PCV1,85.72463157894737,94.21,95
2014.0,PCV2,79.06814432989691,90.41,97
2014.0,PCV3,76.2521153846154,88.765,104
2014.0,POL3,90.25040462427745,94.0,173
2014.0,RCV1,87.80025210084034,94.0,119
2014.0,ROTA1,67.49057971014493,83.0,69
2014.0,ROTAC,60.45319444444445,76.825,72
2014.0,TT2PLUS,62.61884615384615,62.864999999999995,104
2014.0,VAD1,62.509516129032264,64.57499999999999,62
2014.0,YFV,62.075531914893624,76.84,47
2015.0,BCG,89.99425,95.5,160
2015.0,DTPCV1,94.25421686746988,96.875,166
2015.0,DTPCV3,89.8902824858757,93.4,177
2015.0,HEPB3,89.92414201183432,93.13,169
2015.0,HEPB_BD,81.18307692307692,93.0,91
2015.0,HEPB_BDALL,75.56,74.5,4
2015.0,HIB3,89.61252873563218,93.14,174
2015.0,HPV_FEM,73.015,74.0,4
2015.0,IPV1,67.82663551401869,91.0,107
2015.0,JAPENC,47.176842105263155,22.0,19
2015.0,MCV1,89.60790960451978,93.07,177
2015.0,MCV2,84.14264285714285,90.855,140
2015.0,PAB,73.59542857142857,78.53,35
2015.0,PCV1,88.70879629629628,94.445,108
2015.0,PCV2,83.43196261682242,90.08,107
2015.0,PCV3,77.99470085470085,88.1,117
2015.0,POL3,90.3450847457627,93.0,177
2015.0,RCV1,91.69878048780488,95.0,123
2015.0,ROTA1,77.697375,90.00999999999999,80
2015.0,ROTAC,71.875875,82.24000000000001,80
2015.0,TT2PLUS,63.55461538461539,64.05,104
2015.0,VAD1,60.448965517241376,65.53,58
2015.0,YFV,64.78177777777778,76.95,45
2016.0,BCG,91.291,95.69,160
2016.0,DTPCV1,94.45886227544909,96.89,167
2016.0,DTPCV3,90.54486187845303,94.07,181
2016.0,FLU_ELDERLY,33.0,33.0,2
2016.0,HEPB3,90.28432748538012,94.0,171
2016.0,HEPB_BD,75.87965909090909,91.1,88
2016.0,HEPB_BDALL,76.653,91.5,70
2016.0,HIB3,90.38084745762711,94.0,177
2016.0,HPV_FEM,74.45,77.32,6
2016.0,IPV1,80.54876811594202,90.355,138
2016.0,JAPENC,48.97736842105263,58.95,19
2016.0,MCV1,89.36826815642458,93.0,179
2016.0,MCV2,81.74653333333333,88.64,150
2016.0,MEN_A_CONJ,16.924166666666668,0.0,12
2016.0,PAB,70.9269696969697,80.0,33
2016.0,PCV1,90.90228070175439,95.92,114
2016.0,PCV2,86.39973913043478,92.79,115
2016.0,PCV3,82.80707317073171,90.4,123
2016.0,POL3,90.10207650273225,93.33,183
2016.0,RCV1,88.10861538461539,93.235,130
2016.0,ROTA1,82.57037037037037,90.0,81
2016.0,ROTAC,75.78105882352942,84.0,85
2016.0,TT2PLUS,66.77316831683169,66.0,101
2016.0,VAD1,62.47035714285715,68.505,56
2016.0,YFV,68.2258536585366,79.15,41
2017.0,BCG,90.17639053254437,95.0,169
2017.0,DIPHCV4,83.33333333333333,86.0,3
2017.0,DTPCV1,93.98906077348066,96.32,181
2017.0,DTPCV3,90.00607329842931,93.48,191
2017.0,FLU_ELDERLY,31.5,31.5,2
2017.0,HEPB3,89.27347826086957,93.0,184
2017.0,HEPB_BD,79.32376237623762,90.9,101
2017.0,HEPB_BDALL,80.51955056179776,91.7,89
2017.0,HIB3,89.55851851851853,93.3,189
2017.0,HPV_FEM,67.25800000000001,66.0,10
2017.0,IPV1,79.78215189873417,91.0,158
2017.0,JAPENC,49.86388888888889,55.585,18
2017.0,MCV1,89.03151832460733,92.0,191
2017.0,MCV2,83.25543209876543,89.775,162
2017.0,MEN_A_CONJ,32.05882352941177,14.26,17
2017.0,PAB,64.15272727272726,78.75,44
2017.0,PCV1,89.36111940298507,94.46000000000001,134
2017.0,PCV2,85.55315789473684,91.65,133
2017.0,PCV3,84.98022222222222,90.97,135
2017.0,POL3,89.4110824742268,93.00999999999999,194
2017.0,RCV1,89.50154838709678,93.33,155
2017.0,ROTA1,83.77606741573034,90.2,89
2017.0,ROTAC,78.572,86.65,90
2017.0,TT2PLUS,62.67845454545455,66.0,110
2017.0,VAD1,65.1471212121212,74.64,66
2017.0,YFV,66.53804347826087,81.0,46
2018.0,BCG,91.1797005988024,95.31,167
2018.0,DIPHCV4,85.54125984251968,89.4,127
2018.0,DIPHCV5,82.02879999999999,86.85,100
2018.0,DIPHCV6,78.85148148148147,89.24000000000001,54
2018.0,DTPCV1,94.93759562841531,97.0,183
2018.0,DTPCV3,90.57020725388601,94.0,193
2018.0,FLU_ALL,38.61538461538461,22.0,13
2018.0,FLU_CHILD1,101.74418604651163,45.0,43
2018.0,FLU_CHILD2,38.31818181818182,37.0,22
2018.0,FLU_CHRONIC_ADULT,61.05263157894737,41.0,19
2018.0,FLU_CHRONIC_ALL,57.266666666666666,41.0,30
2018.0,FLU_CHRONIC_PED,69.0,65.0,12
2018.0,FLU_ELDERLY,42.05,34.0,60
2018.0,FLU_HAJ,8049.75,99.5,4
2018.0,FLU_HCW,53.41379310344828,47.5,58
2018.0,FLU_OTHER,74.19444444444444,84.44,9
2018.0,FLU_PW,36.65217391304348,27.0,46
2018.0,FLU_RESIDENT,69.30434782608695,78.0,23
2018.0,HEPB3,89.20945652173914,93.0,184
2018.0,HEPB_BD,81.42436170212767,94.9,94
2018.0,HEPB_BDALL,81.58552083333333,93.25,96
2018.0,HIB3,89.83236559139785,93.36500000000001,186
2018.0,HPV_FEM,55.86840579710145,56.0,69
2018.0,HPV_MALE,29.43857142857143,18.15,14
2018.0,IPV1,86.81461988304093,93.24,171
2018.0,IPV1_FRAC,49.012,43.0,10
2018.0,IPV2_FRAC,44.033,34.5,10
2018.0,JAPENC,70.66000000000001,85.22,15
2018.0,JAPENC_C,49.61,49.61,2
2018.0,MCV1,89.60885416666667,92.965,192
2018.0,MCV2,83.65598802395209,89.0,167
2018.0,MEN_A_CONJ,56.47071428571429,77.17,14
2018.0,PAB,69.01848484848485,81.3,33
2018.0,PCV1,92.60151515151514,96.0,132
2018.0,PCV2,87.88212121212122,92.515,132
2018.0,PCV3,85.8376811594203,91.245,138
2018.0,PERCV4,85.00490740740742,89.54,108
2018.0,POL3,89.88462765957448,93.0,188
2018.0,RCV1,90.21282208588957,93.4,163
2018.0,ROTA1,86.40010989010989,92.0,91
2018.0,ROTAC,79.84606382978723,86.44999999999999,94
2018.0,TT2PLUS,63.415700934579434,64.18,107
2018.0,TTCV4,83.62911504424778,89.4,113
2018.0,TTCV5,80.17181818181818,86.0,99
2018.0,TTCV6,78.49614035087718,89.48,57
2018.0,TYPHOID,38.7,0.0,5
2018.0,VAD1,65.35982758620689,77.0,58
2018.0,YFV,73.5653488372093,84.0,43
2019.0,BCG,90.4001875,94.89500000000001,160
2019.0,DIPHCV4,82.68860465116279,90.64,129
2019.0,DIPHCV5,81.4004854368932,89.0,103
2019.0,DIPHCV6,71.85634920634921,89.65,63
2019.0,DTPCV1,95.06802259887006,96.86,177
2019.0,DTPCV3,91.08351063829788,94.0,188
2019.0,FLU_ALL,35.785714285714285,16.5,14
2019.0,FLU_CHILD1,42.69886363636363,43.0,44
2019.0,FLU_CHILD2,47.391304347826086,52.0,23
2019.0,FLU_CHRONIC_ADULT,67.05111111111111,59.5,18
2019.0,FLU_CHRONIC_ALL,62.919642857142854,57.5,28
2019.0,FLU_CHRONIC_PED,61.708,50.0,15
2019.0,FLU_ELDERLY,42.06876923076923,38.9,65
2019.0,FLU_HAJ,57.142857142857146,100.0,7
2019.0,FLU_HCW,59.403333333333336,52.0,48
2019.0,FLU_OTHER,86.62285714285714,99.99,7
2019.0,FLU_PW,37.735128205128206,33.0,39
2019.0,FLU_RESIDENT,68.23666666666666,80.0,21
2019.0,HEPB3,90.40720670391062,93.4,179
2019.0,HEPB_BD,79.26650485436893,93.0,103
2019.0,HEPB_BDALL,76.67640449438203,90.98,89
2019.0,HIB3,91.11910112359551,93.605,178
2019.0,HPV_FEM,52.125903614457826,55.0,83
2019.0,HPV_MALE,29.4048,19.0,25
2019.0,IPV1,90.52473053892216,94.0,167
2019.0,IPV1_FRAC,37.686,0.0,20
2019.0,IPV2_FRAC,39.23952380952381,0.0,21
2019.0,JAPENC,52.82086956521739,81.0,23
2019.0,JAPENC_C,53.04,73.19,5
2019.0,MCV1,90.28021505376344,94.35499999999999,186
2019.0,MCV2,82.60329411764705,89.67500000000001,170
2019.0,MEN_A_CONJ,46.953913043478266,69.9,23
2019.0,PAB,57.432702702702706,73.0,37
2019.0,PCV1,91.15100775193798,96.0,129
2019.0,PCV2,88.78102362204724,93.18,127
2019.0,PCV3,86.30685714285714,91.33500000000001,140
2019.0,PERCV4,81.25723214285713,90.05,112
2019.0,POL3,90.8925945945946,93.96,185
2019.0,RCV1,91.20384615384614,95.0,156
2019.0,ROTA1,84.61915789473684,91.67,95
2019.0,ROTAC,79.47083333333333,87.32,96
2019.0,TT2PLUS,61.33754901960785,64.35,102
2019.0,TTCV4,82.00830508474576,90.0,118
2019.0,TTCV5,76.93928571428572,85.0,98
2019.0,TTCV6,73.82344262295081,90.0,61
2019.0,TYPHOID,10.0,0.0,10
2019.0,VAD1,67.66933333333333,76.39500000000001,60
2019.0,YFV,67.13102040816327,79.0,49
2020.0,BCG,89.54617834394904,93.24,157
2020.0,DIPHCV4,81.8657627118644,86.08,118
2020.0,DIPHCV5,78.6239175257732,84.03,97
2020.0,DIPHCV6,72.79767857142858,81.46000000000001,56
2020.0,DTPCV1,92.82764705882353,95.21000000000001,170
2020.0,DTPCV3,88.75731843575419,91.33,179
2020.0,FLU_ALL,37.026875000000004,27.055,16
2020.0,FLU_CHILD1,38.65803921568627,43.0,51
2020.0,FLU_CHILD2,74.52444444444444,71.65,18
2020.0,FLU_CHRONIC_ADULT,78.4075,80.54499999999999,20
2020.0,FLU_CHRONIC_ALL,71.661875,72.49000000000001,32
2020.0,FLU_CHRONIC_PED,99.04230769230769,78.7,13
2020.0,FLU_ELDERLY,45.559113924050635,47.25,79
2020.0,FLU_HAJ,20.0,0.0,3
2020.0,FLU_HCW,63.93266666666667,65.53,60
2020.0,FLU_OTHER,82.554,98.88,10
2020.0,FLU_PW,37.28942307692308,32.620000000000005,52
2020.0,FLU_RESIDENT,82.8325,84.6,24
2020.0,HEPB3,88.29849397590361,90.56,166
2020.0,HEPB_BD,83.95857142857143,92.995,98
2020.0,HEPB_BDALL,83.94581395348837,92.83,86
2020.0,HIB3,88.28660606060606,90.99,165
2020.0,HPV_FEM,127.2,52.3,80
2020.0,HPV_MALE,49.73947368421052,39.07,19
2020.0,IPV1,89.38641975308643,92.58500000000001,162
2020.0,IPV1_FRAC,77.3975,92.22999999999999,12
2020.0,IPV2,87.54565217391304,89.8,23
2020.0,IPV2_FRAC,72.56181818181818,81.22,11
2020.0,JAPENC,81.85600000000001,85.36,5
2020.0,JAPENC_1,84.17,94.75,6
2020.0,JAPENC_C,99.0625,97.24000000000001,4
2020.0,MCV1,87.77276836158192,91.02,177
2020.0,MCV2,80.7128484848485,85.75,165
2020.0,MEN_A_CONJ,67.48625,78.47,16
2020.0,PAB,76.50393939393939,81.59,33
2020.0,PCV1,89.040859375,93.67,128
2020.0,PCV2,85.51344,89.66,125
2020.0,PCV3,82.57824817518248,87.92,137
2020.0,PERCV4,81.55867256637167,85.74,113
2020.0,POL3,87.76794285714286,89.45,175
2020.0,RCV1,89.66974025974025,91.59,154
2020.0,ROTA1,86.429793814433,90.09,97
2020.0,ROTAC,79.8045918367347,85.725,98
2020.0,TT2PLUS,62.62373626373627,65.9,91
2020.0,TTCV4,80.82192982456141,85.86500000000001,114
2020.0,TTCV5,77.48291666666667,83.25,96
2020.0,TTCV6,72.07637931034483,80.155,58
2020.0,TYPHOID,42.8525,35.955,4
2020.0,VAD1,74.14857142857143,74.19,49
2020.0,YFV,73.60525,78.965,40
2021.0,BCG,87.8785,92.48,160
2021.0,DIPHCV4,82.234609375,86.00999999999999,128
2021.0,DIPHCV5,78.97813725490197,83.965,102
2021.0,DIPHCV6,74.2175,85.055,56
2021.0,DTPCV1,91.67536723163842,94.41,177
2021.0,DTPCV3,87.43589189189188,90.6,185
2021.0,FLU_ALL,11.245384615384616,10.94,13
2021.0,FLU_CHILD1,40.04933333333334,31.08,45
2021.0,FLU_CHILD2,47.08620689655172,51.4,29
2021.0,FLU_CHRONIC_ADULT,65.25190476190475,53.43,21
2021.0,FLU_CHRONIC_ALL,62.21,63.555,26
2021.0,FLU_CHRONIC_PED,65.29176470588236,71.62,17
2021.0,FLU_ELDERLY,43.60621621621622,44.56,74
2021.0,FLU_HAJ,0.0,0.0,2
2021.0,FLU_HCW,55.20425925925926,52.93000000000001,54
2021.0,FLU_OTHER,58.30772727272727,54.89,22
2021.0,FLU_PW,35.635625,31.95,48
2021.0,FLU_RESIDENT,65.10809523809523,76.0,21
2021.0,HEPB3,87.22255952380952,89.755,168
2021.0,HEPB_BD,81.4632,92.25,100
2021.0,HEPB_BDALL,81.52290322580646,88.73,93
2021.0,HIB3,87.13907514450867,90.45,173
2021.0,HPV_FEM,48.436477272727274,49.900000000000006,88
2021.0,HPV_MALE,48.0326923076923,49.04,26
2021.0,IPV1,88.40801204819277,92.185,166
2021.0,IPV1_FRAC,88.10266666666666,91.18,15
2021.0,IPV2,72.6494366197183,85.96,71
2021.0,IPV2_FRAC,82.66818181818182,85.19,11
2021.0,JAPENC,70.405,83.025,6
2021.0,JAPENC_1,92.22,88.09,7
2021.0,JAPENC_C,95.606,94.81,5
2021.0,MCV1,86.32108108108108,89.27,185
2021.0,MCV2,76.78098837209302,83.535,172
2021.0,MEN_A_CONJ,74.448125,82.445,16
2021.0,PAB,75.37472222222222,76.12,36
2021.0,PCV1,88.6574074074074,93.64,135
2021.0,PCV2,84.37430656934308,90.15,137
2021.0,PCV3,82.93006896551725,88.2,145
2021.0,PERCV4,82.30389830508476,85.82,118
2021.0,PERCV_PW,54.97105263157895,54.23,19
2021.0,POL3,85.88301675977654,89.56,179
2021.0,RCV1,87.22814814814814,90.245,162
2021.0,ROTA1,85.1606862745098,88.175,102
2021.0,ROTAC,78.12285714285714,82.19,105
2021.0,TT2PLUS,63.98636363636364,70.35,88
2021.0,TTCV4,81.84728,85.76,125
2021.0,TTCV5,76.70676470588235,82.94,102
2021.0,TTCV6,73.32879310344828,82.87,58
2021.0,TYPHOID_CONJ,60.972500000000004,70.48,4
2021.0,VAD1,72.67760869565218,71.78,46
2021.0,YFV,77.3647619047619,78.495,42
2022.0,BCG,90.84588607594937,95.41999999999999,158
2022.0,DIPHCV4,81.28985185185185,86.7,135
2022.0,DIPHCV5,78.39168224299065,86.46,107
2022.0,DIPHCV6,78.79172413793104,86.055,58
2022.0,DTPCV1,93.27403314917126,96.39,181
2022.0,DTPCV3,88.36371727748691,92.11,191
2022.0,FLU_ALL,20.15833333333333,11.515,12
2022.0,FLU_CHILD1,37.62106382978723,38.2,47
2022.0,FLU_CHILD2,47.18000000000001,51.4,27
2022.0,FLU_CHRONIC_ADULT,89.93444444444444,57.27,18
2022.0,FLU_CHRONIC_ALL,76.98230769230769,67.42,26
2022.0,FLU_CHRONIC_PED,74.96249999999999,77.97,16
2022.0,FLU_ELDERLY,48.86014705882353,54.705,68
2022.0,FLU_HAJ,25.995,25.995,2
2022.0,FLU_HCW,52.7522641509434,51.4,53
2022.0,FLU_OTHER,75.57368421052632,77.22,19
2022.0,FLU_PW,38.3376,27.799999999999997,50
2022.0,FLU_RESIDENT,56.77333333333333,68.51,15
2022.0,HEPB3,88.02211111111112,91.78999999999999,180
2022.0,HEPB_BD,83.37889999999999,93.145,100
2022.0,HEPB_BDALL,79.76383720930232,88.795,86
2022.0,HIB3,88.18988950276244,92.0,181
2022.0,HPV_FEM,56.09176470588235,54.754999999999995,102
2022.0,HPV_MALE,55.1078125,58.254999999999995,32
2022.0,IPV1,90.3985549132948,93.94,173
2022.0,IPV1_FRAC,93.20700000000001,94.785,10
2022.0,IPV2,78.64556818181819,89.015,88
2022.0,IPV2_FRAC,88.87444444444445,93.0,9
2022.0,JAPENC,84.43666666666667,87.78,6
2022.0,JAPENC_1,88.41666666666667,91.635,6
2022.0,JAPENC_C,96.34,96.55000000000001,4
2022.0,MCV1,87.3713612565445,90.31,191
2022.0,MCV2,77.02770491803278,85.06,183
2022.0,MEN_ACYW_CONJ,83.9723076923077,89.57,13
2022.0,MEN_A_CONJ,77.82083333333334,82.075,12
2022.0,MEN_B,77.59142857142857,80.91,7
2022.0,PAB,68.86783783783784,72.03,37
2022.0,PCV1,91.00278571428571,95.42500000000001,140
2022.0,PCV2,87.57225352112677,91.345,142
2022.0,PCV3,83.81788079470199,89.0,151
2022.0,PERCV4,81.74325396825397,86.72,126
2022.0,PERCV_PW,55.9408695652174,58.23,23
2022.0,POL3,86.92648936170212,91.675,188
2022.0,RCV1,87.98491017964072,91.44,167
2022.0,ROTA1,84.44809090909092,90.64,110
2022.0,ROTAC,78.41566371681415,84.64,113
2022.0,TT2PLUS,62.26097826086957,68.52000000000001,92
2022.0,TTCV4,79.85293233082707,86.74,133
2022.0,TTCV5,76.67990825688074,86.23,109
2022.0,TTCV6,78.2755,86.05,60
2022.0,TYPHOID_CONJ,70.17999999999999,77.8,7
2022.0,VAD1,74.31703703703704,73.845,54
2022.0,YFV,74.95309523809524,75.275,42
2023.0,BCG,90.8149375,94.65,160
2023.0,DIPHCV4,83.19905109489052,86.96,137
2023.0,DIPHCV5,81.40171171171171,86.75,111
2023.0,DIPHCV6,79.20390625,86.81,64
2023.0,DTPCV1,94.57516666666666,96.87,180
2023.0,DTPCV3,89.65173684210528,92.66,190
2023.0,FLU_ALL,12.98090909090909,9.82,11
2023.0,FLU_CHILD1,34.882592592592594,31.145000000000003,54
2023.0,FLU_CHILD2,47.781333333333336,51.825,30
2023.0,FLU_CHRONIC_ADULT,59.3025,46.56,28
2023.0,FLU_CHRONIC_PED,54.61642857142857,44.81,14
2023.0,FLU_ELDERLY,43.272777777777776,38.06,72
2023.0,FLU_HCW,49.11333333333334,46.24,60
2023.0,FLU_OTHER,76.2035294117647,77.24,17
2023.0,FLU_PW,39.01166666666667,37.04,48
2023.0,FLU_RESIDENT,65.40666666666667,76.09,18
2023.0,HEPB3,89.22406976744186,92.6,172
2023.0,HEPB_BD,81.7889423076923,91.91499999999999,104
2023.0,HEPB_BDALL,80.03484848484848,92.04,99
2023.0,HIB3,89.69742857142857,92.54,175
2023.0,HPV_FEM,58.88808080808081,58.19,99
2023.0,HPV_MALE,50.652,54.03,40
2023.0,IPV1,91.31157894736843,95.72,171
2023.0,IPV1_FRAC,74.52615384615385,91.99,13
2023.0,IPV2,81.48852631578947,89.28,95
2023.0,IPV2_FRAC,70.3275,89.78999999999999,12
2023.0,JAPENC,88.21333333333332,87.745,6
2023.0,JAPENC_1,91.28000000000002,92.45,6
2023.0,JAPENC_C,82.46000000000001,89.56,4
2023.0,MALARIA1,61.913333333333334,85.74,3
2023.0,MALARIA3,47.39666666666667,66.89,3
2023.0,MALARIA4,37.81666666666667,46.12,3
2023.0,MCV1,89.48706806282722,93.0,191
2023.0,MCV2,79.63333333333333,85.015,186
2023.0,MENACYW_C,71.92473684210526,80.71,19
2023.0,MENA_C,80.59466666666667,85.78,15
2023.0,MENB_C,69.595,82.475,10
2023.0,PAB,66.90897435897435,78.48,39
2023.0,PCV1,92.1616083916084,96.11,143
2023.0,PCV2,89.12636986301371,93.20500000000001,146
2023.0,PCV3,85.68973509933775,90.78,151
2023.0,PERCV4,83.088046875,86.955,128
2023.0,PERCV_PW,65.20793103448275,69.46,29
2023.0,POL3,88.79413978494622,92.10499999999999,186
2023.0,RCV1,89.07132530120482,93.09,166
2023.0,ROTA1,88.0427927927928,91.65,111
2023.0,ROTAC,80.11327586206896,85.03999999999999,116
2023.0,TT2PLUS,63.07771739130435,65.0,92
2023.0,TTCV4,80.56721804511278,86.96,133
2023.0,TTCV5,79.1337037037037,85.57,108
2023.0,TTCV6,77.381,86.81,70
2023.0,TYPHOID_CONJ,74.15625,88.705,8
2023.0,VAD1,79.38345454545455,79.29,55
2023.0,YFV,77.38755555555555,85.1,45
